abbott_customer_id,zip_code,Territory_name,Region_name,District_name,state
497880,30141,"Atlanta N,GA",Southeast,"Atlanta,GA",GA
684685,68118,"Omaha,NE",Central,"Chicago N,IL",NE
537338,36830,"Columbus,GA",Central,"New Orleans,LA",AL
496849,85225,"Phoenix,AZ",West,"Phoenix,AZ",AZ
499288,77070,"Houston N,TX",West,"Houston,TX",TX
636917,40391,"Lexington,KY",Great Lakes,"Cincinnati,OH",KY
5570932,28036,"Charlotte,NC",Southeast,"Charlotte,NC",NC
2089124852,57108,"Fargo,ND",Central,"Milwaukee,WI",SD
91001,32605,"Tampa,FL",Southeast,"Tampa,FL",FL
496942,28277,"Charlotte,NC",Southeast,"Charlotte,NC",NC
903516,76018,"Dallas S,TX",Central,"Dallas,TX",TX
903516,76092,"Dallas N,TX",Central,"Dallas,TX",TX
4455506,02215,"Boston,MA",Northeast,"Boston,MA",MA
499254,86001,"Las Vegas,NV",West,"Phoenix,AZ",AZ
1807396,07470,"Newark,NJ",Northeast,"New York,NY",NJ
190083,98383,"Seattle,WA",West,"Seattle,WA",WA
660869,01830,"Portland,ME",Northeast,"Boston,MA",MA
7171799,83687,"Salt Lake City,UT",West,"Denver,CO",ID
499958,33331,"Miami,FL",Southeast,"Tampa,FL",FL
505169,31405,"Columbia,SC",Southeast,"Charlotte,NC",GA
503361,19380,"Philadelphia W,PA",Northeast,"Philadelphia,PA",PA
1483937,30180,"Atlanta S,GA",Southeast,"Atlanta,GA",GA
4452565,30342,"Atlanta S,GA",Southeast,"Atlanta,GA",GA
2706996,78745,"Austin,TX",Central,"Little Rock,AR",TX
5491802,33029,"Miami,FL",Southeast,"Tampa,FL",FL
497296,65804,"Kansas City E,MO",Central,"Kansas City,MO",MO
5831377,65804,"Kansas City E,MO",Central,"Kansas City,MO",MO
3863144,37128,"Nashville S,TN",Great Lakes,"Nashville,TN",TN
505384,95630,"Sacramento,CA",West,"Sacramento,CA",CA
1337016,94063,"San Francisco,CA",West,"Sacramento,CA",CA
2078381,85297,"Phoenix,AZ",West,"Phoenix,AZ",AZ
118346,23229,"Richmond,VA",Southeast,"Raleigh,NC",VA
68971,48374,"Detroit,MI",Great Lakes,"Detroit,MI",MI
1410705,44195,"Cleveland E,OH",Great Lakes,"Cleveland,OH",OH
925408,15235,"Morgantown,WV",Great Lakes,"Pittsburgh,PA",PA
620076,46016,"Indianapolis,IN",Central,"Chicago,IL",IN
160732,27103,"Raleigh W,NC",Southeast,"Raleigh,NC",NC
499578,77030,"Houston S,TX",West,"Houston,TX",TX
508201,40503,"Lexington,KY",Great Lakes,"Cincinnati,OH",KY
3699116,99403,"Spokane,WA",West,"Seattle,WA",WA
5445473,02111,"Boston,MA",Northeast,"Boston,MA",MA
5216283,23233,"Richmond,VA",Southeast,"Raleigh,NC",VA
2091248030,NULL,NULL,NULL,NULL,NULL
500218,30327,"Atlanta N,GA",Southeast,"Atlanta,GA",GA
496810,33908,"Sarasota,FL",Southeast,"Tampa,FL",FL
498250,70809,"New Orleans,LA",Central,"New Orleans,LA",LA
4003411,33607,"Tampa,FL",Southeast,"Tampa,FL",FL
496705,30033,"Atlanta S,GA",Southeast,"Atlanta,GA",GA
508344,77030,"Houston S,TX",West,"Houston,TX",TX
163382,01040,"Hartford,CT",Northeast,"Hartford,CT",MA
23264,57105,"Fargo,ND",Central,"Milwaukee,WI",SD
297548,63141,"St. Louis N,MO",Great Lakes,"St. Louis,MO",MO
5559532,01199,"Hartford,CT",Northeast,"Hartford,CT",MA
7105653,14456,"Rochester,NY",Northeast,"Albany,NY",NY
497251,19713,"Cherry Hill,NJ",Southeast,"Baltimore,MD",DE
496366,12801,"Albany,NY",Northeast,"Albany,NY",NY
1529605,48602,"Ann Arbor,MI",Great Lakes,"Detroit,MI",MI
6196395,46260,"Indianapolis,IN",Central,"Chicago,IL",IN
5194691,38138,"Memphis,TN",Central,"Little Rock,AR",TN
500230,48081,"Detroit,MI",Great Lakes,"Detroit,MI",MI
50466,07666,"Newark,NJ",Northeast,"New York,NY",NJ
294542,12901,"Albany,NY",Northeast,"Albany,NY",NY
223040,32308,"Jacksonville,FL",Southeast,"Jacksonville,FL",FL
516049,63044,"St. Louis N,MO",Great Lakes,"St. Louis,MO",MO
1336073,72212,"Little Rock,AR",Central,"Little Rock,AR",AR
497684,07960,"Morristown,NJ",Northeast,"New York,NY",NJ
295243,54913,"Green Bay,WI",Central,"Milwaukee,WI",WI
1424736,19380,"Philadelphia W,PA",Northeast,"Philadelphia,PA",PA
498154,28207,"Charlotte,NC",Southeast,"Charlotte,NC",NC
497071,98405,"Seattle,WA",West,"Seattle,WA",WA
756388,45211,"Cincinnati,OH",Great Lakes,"Cincinnati,OH",OH
4487318,45211,"Cincinnati,OH",Great Lakes,"Cincinnati,OH",OH
5244659,82601,"Denver N,CO",West,"Denver,CO",WY
505346,31404,"Columbia,SC",Southeast,"Charlotte,NC",GA
496074,84403,"Salt Lake City,UT",West,"Denver,CO",UT
8086666,81501,"Denver S,CO",West,"Denver,CO",CO
1043968,24060,"Charleston,WV",Great Lakes,"Cincinnati,OH",VA
2089692636,54701,"Minneapolis,MN",Central,"Milwaukee,WI",WI
2083227422,14221,"Buffalo,NY",Great Lakes,"Pittsburgh,PA",NY
975229012,10032,"Manhattan N,NY",Northeast,"Long Island,NY",NY
9538793,24073,"Charleston,WV",Great Lakes,"Cincinnati,OH",VA
813255717,37403,"Knoxville,TN",Southeast,"Atlanta,GA",TN
497480,29150,"Columbia,SC",Southeast,"Charlotte,NC",SC
6185090,10038,"Manhattan S,NY",Northeast,"New York,NY",NY
7465295,18840,"Scranton,PA",Northeast,"Philadelphia,PA",PA
712795,30327,"Atlanta N,GA",Southeast,"Atlanta,GA",GA
497559,64131,"Kansas City E,MO",Central,"Kansas City,MO",MO
6185090,11201,"Brooklyn,NY",Northeast,"Long Island,NY",NY
500105,19010,"Philadelphia W,PA",Northeast,"Philadelphia,PA",PA
3870464,27514,"Raleigh W,NC",Southeast,"Raleigh,NC",NC
3939695,16870,"State College,PA",Great Lakes,"Pittsburgh,PA",PA
500760,93105,"Fresno,CA",West,"Sacramento,CA",CA
1372650,29631,"Greenville,SC",Southeast,"Charlotte,NC",SC
735205,08901,"Morristown,NJ",Northeast,"New York,NY",NJ
7153052,02215,"Boston,MA",Northeast,"Boston,MA",MA
225617,90048,"Los Angeles,CA",West,"Los Angeles,CA",CA
521647,84604,"Salt Lake City,UT",West,"Denver,CO",UT
1807550,10128,"Manhattan N,NY",Northeast,"Long Island,NY",NY
1449679,85719,"Phoenix,AZ",West,"Phoenix,AZ",AZ
859836,44224,"Cleveland W,OH",Great Lakes,"Cleveland,OH",OH
498384,41031,"Lexington,KY",Great Lakes,"Cincinnati,OH",KY
500223,03801,"Portland,ME",Northeast,"Boston,MA",NH
1486388,43026,"Columbus,OH",Great Lakes,"Cincinnati,OH",OH
6474717,83814,"Spokane,WA",West,"Seattle,WA",ID
4455621,18104,"Scranton,PA",Northeast,"Philadelphia,PA",PA
497415,28374,"Raleigh W,NC",Southeast,"Raleigh,NC",NC
498822,40207,"Louisville,KY",Great Lakes,"St. Louis,MO",KY
1541184,08002,"Cherry Hill,NJ",Southeast,"Baltimore,MD",NJ
8172929,55446,"Minneapolis,MN",Central,"Milwaukee,WI",MN
495671,07701,"Morristown,NJ",Northeast,"New York,NY",NJ
41450,75231,"Dallas S,TX",Central,"Dallas,TX",TX
499759,33437,"Orlando S,FL",Southeast,"Jacksonville,FL",FL
7236770,87106,"Albuquerque,NM",West,"Phoenix,AZ",NM
508389,70121,"New Orleans,LA",Central,"New Orleans,LA",LA
1441376,70121,"New Orleans,LA",Central,"New Orleans,LA",LA
524048,98201,"Seattle,WA",West,"Seattle,WA",WA
1487070,46074,"Indianapolis,IN",Central,"Chicago,IL",IN
518619,48228,"Detroit,MI",Great Lakes,"Detroit,MI",MI
348473,45247,"Cincinnati,OH",Great Lakes,"Cincinnati,OH",OH
28992,11030,"Long Island West,NY",Northeast,"Long Island,NY",NY
348683,44195,"Cleveland E,OH",Great Lakes,"Cleveland,OH",OH
3866221,43147,"Columbus,OH",Great Lakes,"Cincinnati,OH",OH
237176,63141,"St. Louis N,MO",Great Lakes,"St. Louis,MO",MO
497179,48307,"Ann Arbor,MI",Great Lakes,"Detroit,MI",MI
505509,12601,"White Plains,NY",Northeast,"Albany,NY",NY
1809425,97477,"Portland,OR",West,"Seattle,WA",OR
772183,32803,"Orlando N,FL",Southeast,"Jacksonville,FL",FL
823462,76104,"Fort Worth,TX",Central,"Dallas,TX",TX
830825,32405,"Columbus,GA",Central,"New Orleans,LA",FL
505151,29425,"Columbia,SC",Southeast,"Charlotte,NC",SC
903702,18704,"Scranton,PA",Northeast,"Philadelphia,PA",PA
7752233,45211,"Cincinnati,OH",Great Lakes,"Cincinnati,OH",OH
495595,25705,"Charleston,WV",Great Lakes,"Cincinnati,OH",WV
710132,04101,"Portland,ME",Northeast,"Boston,MA",ME
79482,67226,"Kansas City W,MO",Central,"Kansas City,MO",KS
185870,80124,"Denver S,CO",West,"Denver,CO",CO
713000,55426,"Minneapolis,MN",Central,"Milwaukee,WI",MN
498181,52401,"Omaha,NE",Central,"Chicago N,IL",IA
9259696,99204,"Spokane,WA",West,"Seattle,WA",WA
8404824,44333,"Cleveland W,OH",Great Lakes,"Cleveland,OH",OH
239060,13088,"Rochester,NY",Northeast,"Albany,NY",NY
159253,71103,"Shreveport,LA",Central,"Little Rock,AR",LA
2116760,49503,"Grand Rapids,MI",Great Lakes,"Detroit,MI",MI
21956,22601,"Fairfax,VA",Great Lakes,"Pittsburgh,PA",VA
24285,94583,"San Francisco,CA",West,"Sacramento,CA",CA
7585338,30501,"Atlanta N,GA",Southeast,"Atlanta,GA",GA
147887,27607,"Raleigh W,NC",Southeast,"Raleigh,NC",NC
507854,68510,"Omaha,NE",Central,"Chicago N,IL",NE
6698395,40536,"Lexington,KY",Great Lakes,"Cincinnati,OH",KY
516649,40536,"Lexington,KY",Great Lakes,"Cincinnati,OH",KY
496588,19713,"Cherry Hill,NJ",Southeast,"Baltimore,MD",DE
497984,21015,"Baltimore,MD",Southeast,"Baltimore,MD",MD
5296101,01805,"Boston,MA",Northeast,"Boston,MA",MA
2455367,35209,"Birmingham,AL",Great Lakes,"Nashville,TN",AL
1823397,75235,"Dallas S,TX",Central,"Dallas,TX",TX
4614209,13637,"Rochester,NY",Northeast,"Albany,NY",NY
3133905,48334,"Detroit,MI",Great Lakes,"Detroit,MI",MI
5613604,20876,"Rockville,MD",Southeast,"Baltimore,MD",MD
3915248,19010,"Philadelphia W,PA",Northeast,"Philadelphia,PA",PA
895095,47630,"Louisville,KY",Great Lakes,"St. Louis,MO",IN
1601360,13066,"Rochester,NY",Northeast,"Albany,NY",NY
507674,60098,"Rockford,IL",Central,"Chicago N,IL",IL
1491052,98101,"Seattle,WA",West,"Seattle,WA",WA
1430090,34996,"Orlando S,FL",Southeast,"Jacksonville,FL",FL
1452696,53005,"Milwaukee,WI",Central,"Milwaukee,WI",WI
261557,97306,"Portland,OR",West,"Seattle,WA",OR
5632372,63044,"St. Louis N,MO",Great Lakes,"St. Louis,MO",MO
507674,60026,"Chicago N,IL",Central,"Chicago N,IL",IL
7143481,15090,"Pittsburgh,PA",Great Lakes,"Pittsburgh,PA",PA
496951,34285,"Sarasota,FL",Southeast,"Tampa,FL",FL
1490063,84121,"Salt Lake City,UT",West,"Denver,CO",UT
5601211,91307,"Santa Clarita,CA",West,"Los Angeles,CA",CA
239045,07632,"Newark,NJ",Northeast,"New York,NY",NJ
602842,98374,"Seattle,WA",West,"Seattle,WA",WA
499979,63110,"St. Louis S,MO",Great Lakes,"St. Louis,MO",MO
242483,10924,"White Plains,NY",Northeast,"Albany,NY",NY
3870435,97477,"Portland,OR",West,"Seattle,WA",OR
6383420,30097,"Atlanta N,GA",Southeast,"Atlanta,GA",GA
493747,98405,"Seattle,WA",West,"Seattle,WA",WA
1803156,22033,"Fairfax,VA",Great Lakes,"Pittsburgh,PA",VA
496378,48126,"Detroit,MI",Great Lakes,"Detroit,MI",MI
517667,07661,"Newark,NJ",Northeast,"New York,NY",NJ
2773523,77429,"Houston N,TX",West,"Houston,TX",TX
495405,19104,"Philadelphia W,PA",Northeast,"Philadelphia,PA",PA
2020359555,48377,"Detroit,MI",Great Lakes,"Detroit,MI",MI
2058942595,44203,"Cleveland W,OH",Great Lakes,"Cleveland,OH",OH
2063756588,32804,"Orlando N,FL",Southeast,"Jacksonville,FL",FL
523124,98027,"Seattle,WA",West,"Seattle,WA",WA
202970,33609,"Tampa,FL",Southeast,"Tampa,FL",FL
146171,45212,"Cincinnati,OH",Great Lakes,"Cincinnati,OH",OH
1529549,48439,"Ann Arbor,MI",Great Lakes,"Detroit,MI",MI
500150,23666,"Richmond,VA",Southeast,"Raleigh,NC",VA
1380973,01949,"Portland,ME",Northeast,"Boston,MA",MA
6689260,52722,"Rockford,IL",Central,"Chicago N,IL",IA
7240304,44304,"Cleveland W,OH",Great Lakes,"Cleveland,OH",OH
1475177,58501,"Fargo,ND",Central,"Milwaukee,WI",ND
496248,77338,"Houston N,TX",West,"Houston,TX",TX
424824,11042,"Long Island West,NY",Northeast,"Long Island,NY",NY
660967,80218,"Denver N,CO",West,"Denver,CO",CO
5170118,21401,"Baltimore,MD",Southeast,"Baltimore,MD",MD
409384,77034,"Houston S,TX",West,"Houston,TX",TX
919643,33542,"Tampa,FL",Southeast,"Tampa,FL",FL
5216563,40503,"Lexington,KY",Great Lakes,"Cincinnati,OH",KY
5173443,06010,"New Haven,CT",Northeast,"Hartford,CT",CT
599797,45806,"Dayton,OH",Great Lakes,"Cleveland,OH",OH
2087427399,14221,"Buffalo,NY",Great Lakes,"Pittsburgh,PA",NY
2058915720,35233,"Birmingham,AL",Great Lakes,"Nashville,TN",AL
634792,40207,"Louisville,KY",Great Lakes,"St. Louis,MO",KY
855288,21015,"Baltimore,MD",Southeast,"Baltimore,MD",MD
517330,27284,"Raleigh W,NC",Southeast,"Raleigh,NC",NC
462553,12206,"Albany,NY",Northeast,"Albany,NY",NY
1829602,89521,"Sacramento,CA",West,"Sacramento,CA",NV
68291,71303,"Houston N,TX",West,"Houston,TX",LA
506006,98055,"Seattle,WA",West,"Seattle,WA",WA
496755,44122,"Cleveland W,OH",Great Lakes,"Cleveland,OH",OH
7916099,40504,"Lexington,KY",Great Lakes,"Cincinnati,OH",KY
8735761,24502,"Charleston,WV",Great Lakes,"Cincinnati,OH",VA
352687,40353,"Lexington,KY",Great Lakes,"Cincinnati,OH",KY
5500313,42103,"Nashville N,TN",Great Lakes,"Nashville,TN",KY
499097,02721,"Providence,RI",Northeast,"Hartford,CT",MA
821142,37203,"Nashville N,TN",Great Lakes,"Nashville,TN",TN
354122,75503,"Shreveport,LA",Central,"Little Rock,AR",TX
5182170,48823,"Ann Arbor,MI",Great Lakes,"Detroit,MI",MI
520664,01960,"Portland,ME",Northeast,"Boston,MA",MA
1435449,57105,"Fargo,ND",Central,"Milwaukee,WI",SD
508534,46250,"Indianapolis,IN",Central,"Chicago,IL",IN
2080113424,90048,"Los Angeles,CA",West,"Los Angeles,CA",CA
2065444490,46825,"Fort Wayne,IN",Central,"Chicago,IL",IN
828766,84003,"Salt Lake City,UT",West,"Denver,CO",UT
223889,37040,"Nashville N,TN",Great Lakes,"Nashville,TN",TN
311485,23454,"Richmond,VA",Southeast,"Raleigh,NC",VA
346137,39440,"Jackson,MS",Central,"New Orleans,LA",MS
1538542,50266,"Omaha,NE",Central,"Chicago N,IL",IA
1452873,45229,"Cincinnati,OH",Great Lakes,"Cincinnati,OH",OH
8735372,04330,"Portland,ME",Northeast,"Boston,MA",ME
549833,53226,"Milwaukee,WI",Central,"Milwaukee,WI",WI
515975,47150,"Louisville,KY",Great Lakes,"St. Louis,MO",IN
5184343,47150,"Louisville,KY",Great Lakes,"St. Louis,MO",IN
499047,48197,"Detroit,MI",Great Lakes,"Detroit,MI",MI
663960,03878,"Portland,ME",Northeast,"Boston,MA",NH
547236,18045,"Scranton,PA",Northeast,"Philadelphia,PA",PA
5580267,63110,"St. Louis S,MO",Great Lakes,"St. Louis,MO",MO
6377077,28078,"Charlotte,NC",Southeast,"Charlotte,NC",NC
40485,30046,"Atlanta N,GA",Southeast,"Atlanta,GA",GA
3827663,45342,"Dayton,OH",Great Lakes,"Cleveland,OH",OH
168860,13676,"Rochester,NY",Northeast,"Albany,NY",NY
3856452,39202,"Jackson,MS",Central,"New Orleans,LA",MS
771619,03756,"Worcester,MA",Northeast,"Boston,MA",NH
2689960,98405,"Seattle,WA",West,"Seattle,WA",WA
497962,30809,"Greenville,SC",Southeast,"Charlotte,NC",GA
509347,80218,"Denver N,CO",West,"Denver,CO",CO
5576909,45247,"Cincinnati,OH",Great Lakes,"Cincinnati,OH",OH
225826,31404,"Columbia,SC",Southeast,"Charlotte,NC",GA
368128,15601,"Morgantown,WV",Great Lakes,"Pittsburgh,PA",PA
496755,44106,"Cleveland E,OH",Great Lakes,"Cleveland,OH",OH
7787578,15025,"Morgantown,WV",Great Lakes,"Pittsburgh,PA",PA
7144055,48602,"Ann Arbor,MI",Great Lakes,"Detroit,MI",MI
497418,74133,"Oklahoma City,OK",Central,"Kansas City,MO",OK
497821,85224,"Phoenix,AZ",West,"Phoenix,AZ",AZ
6983088,42066,"Nashville N,TN",Great Lakes,"Nashville,TN",KY
298903,64131,"Kansas City E,MO",Central,"Kansas City,MO",MO
496012,19083,"Philadelphia W,PA",Northeast,"Philadelphia,PA",PA
7171089,44145,"Cleveland W,OH",Great Lakes,"Cleveland,OH",OH
6188480,33908,"Sarasota,FL",Southeast,"Tampa,FL",FL
124826,13905,"Scranton,PA",Northeast,"Philadelphia,PA",NY
512034,27518,"Raleigh W,NC",Southeast,"Raleigh,NC",NC
499195,38138,"Memphis,TN",Central,"Little Rock,AR",TN
169195,06810,"New Haven,CT",Northeast,"Hartford,CT",CT
498147,28791,"Greenville,SC",Southeast,"Charlotte,NC",NC
7912715,54601,"Minneapolis,MN",Central,"Milwaukee,WI",WI
505489,45242,"Cincinnati,OH",Great Lakes,"Cincinnati,OH",OH
79459,31794,"Jacksonville,FL",Southeast,"Jacksonville,FL",GA
179269,32960,"Orlando S,FL",Southeast,"Jacksonville,FL",FL
2058301117,08901,"Morristown,NJ",Northeast,"New York,NY",NJ
4624443,67502,"Kansas City W,MO",Central,"Kansas City,MO",KS
189073,32751,"Orlando N,FL",Southeast,"Jacksonville,FL",FL
497537,07632,"Newark,NJ",Northeast,"New York,NY",NJ
282638,33486,"Miami,FL",Southeast,"Tampa,FL",FL
499075,10032,"Manhattan N,NY",Northeast,"Long Island,NY",NY
497114,10128,"Manhattan N,NY",Northeast,"Long Island,NY",NY
824194,76104,"Fort Worth,TX",Central,"Dallas,TX",TX
89460,20165,"Fairfax,VA",Great Lakes,"Pittsburgh,PA",VA
634602,19380,"Philadelphia W,PA",Northeast,"Philadelphia,PA",PA
7231374,31707,"Jacksonville,FL",Southeast,"Jacksonville,FL",GA
660596,30342,"Atlanta S,GA",Southeast,"Atlanta,GA",GA
1435872,30342,"Atlanta S,GA",Southeast,"Atlanta,GA",GA
498402,28207,"Charlotte,NC",Southeast,"Charlotte,NC",NC
220467,11042,"Long Island West,NY",Northeast,"Long Island,NY",NY
173212,10075,"Manhattan N,NY",Northeast,"Long Island,NY",NY
5420614,87505,"Albuquerque,NM",West,"Phoenix,AZ",NM
5589588,84107,"Salt Lake City,UT",West,"Denver,CO",UT
752814,26506,"Morgantown,WV",Great Lakes,"Pittsburgh,PA",WV
1412838,80045,"Denver N,CO",West,"Denver,CO",CO
190415,46902,"Fort Wayne,IN",Central,"Chicago,IL",IN
5612856,55446,"Minneapolis,MN",Central,"Milwaukee,WI",MN
948215,73505,"Oklahoma City,OK",Central,"Kansas City,MO",OK
498992,74133,"Oklahoma City,OK",Central,"Kansas City,MO",OK
500133,64132,"Kansas City E,MO",Central,"Kansas City,MO",MO
1483411,67206,"Kansas City W,MO",Central,"Kansas City,MO",KS
390918,14221,"Buffalo,NY",Great Lakes,"Pittsburgh,PA",NY
4450133,36301,"Columbus,GA",Central,"New Orleans,LA",AL
8526266,62301,"Springfield,IL",Central,"Chicago,IL",IL
513849,48507,"Ann Arbor,MI",Great Lakes,"Detroit,MI",MI
497620,15090,"Pittsburgh,PA",Great Lakes,"Pittsburgh,PA",PA
501763,55433,"Minneapolis,MN",Central,"Milwaukee,WI",MN
3912314,64111,"Kansas City E,MO",Central,"Kansas City,MO",MO
473074,45459,"Dayton,OH",Great Lakes,"Cleveland,OH",OH
7703184,07960,"Morristown,NJ",Northeast,"New York,NY",NJ
4456225,55369,"Minneapolis,MN",Central,"Milwaukee,WI",MN
4455585,30046,"Atlanta N,GA",Southeast,"Atlanta,GA",GA
508077,30677,"Atlanta S,GA",Southeast,"Atlanta,GA",GA
243274,10128,"Manhattan N,NY",Northeast,"Long Island,NY",NY
497988,72703,"Little Rock,AR",Central,"Little Rock,AR",AR
161092,64150,"Kansas City E,MO",Central,"Kansas City,MO",MO
726823,10804,"White Plains,NY",Northeast,"Albany,NY",NY
2120779,04102,"Portland,ME",Northeast,"Boston,MA",ME
505986,49684,"Grand Rapids,MI",Great Lakes,"Detroit,MI",MI
503165,76244,"Fort Worth,TX",Central,"Dallas,TX",TX
225727,30809,"Greenville,SC",Southeast,"Charlotte,NC",GA
353203,80220,"Denver N,CO",West,"Denver,CO",CO
206674,53158,"Milwaukee,WI",Central,"Milwaukee,WI",WI
1376842,28374,"Raleigh W,NC",Southeast,"Raleigh,NC",NC
499242,22003,"Fairfax,VA",Great Lakes,"Pittsburgh,PA",VA
634450,66160,"Kansas City W,MO",Central,"Kansas City,MO",KS
498658,21208,"Lancaster,PA",Northeast,"Philadelphia,PA",MD
505009,28562,"Raleigh E,NC",Southeast,"Raleigh,NC",NC
547871,35209,"Birmingham,AL",Great Lakes,"Nashville,TN",AL
1371719,35209,"Birmingham,AL",Great Lakes,"Nashville,TN",AL
4455585,30078,"Atlanta S,GA",Southeast,"Atlanta,GA",GA
695445,68503,"Omaha,NE",Central,"Chicago N,IL",NE
363068,68114,"Omaha,NE",Central,"Chicago N,IL",NE
1488115,46526,"Fort Wayne,IN",Central,"Chicago,IL",IN
5172445,61822,"Springfield,IL",Central,"Chicago,IL",IL
1488930,85206,"Phoenix,AZ",West,"Phoenix,AZ",AZ
1489426,85375,"Las Vegas,NV",West,"Phoenix,AZ",AZ
499242,22205,"Baltimore,MD",Southeast,"Baltimore,MD",VA
441920,48604,"Ann Arbor,MI",Great Lakes,"Detroit,MI",MI
855288,21009,"Baltimore,MD",Southeast,"Baltimore,MD",MD
684685,68114,"Omaha,NE",Central,"Chicago N,IL",NE
5215387,75390,"Dallas S,TX",Central,"Dallas,TX",TX
134305,96817,"Los Angeles,CA",West,"Los Angeles,CA",HI
7725377,31904,"Columbus,GA",Central,"New Orleans,LA",GA
2058846551,02115,"Boston,MA",Northeast,"Boston,MA",MA
9449718,39232,"Jackson,MS",Central,"New Orleans,LA",MS
10086895,44483,"Cleveland E,OH",Great Lakes,"Cleveland,OH",OH
5159464,97701,"Portland,OR",West,"Seattle,WA",OR
404194,63028,"St. Louis S,MO",Great Lakes,"St. Louis,MO",MO
2090308,48124,"Detroit,MI",Great Lakes,"Detroit,MI",MI
496449,40217,"Louisville,KY",Great Lakes,"St. Louis,MO",KY
26284,21286,"Rockville,MD",Southeast,"Baltimore,MD",MD
505496,05401,"Albany,NY",Northeast,"Albany,NY",VT
5830704,62948,"St. Louis S,MO",Great Lakes,"St. Louis,MO",IL
152650,32204,"Jacksonville,FL",Southeast,"Jacksonville,FL",FL
501657,60540,"Chicago S,IL",Central,"Chicago,IL",IL
162151,39581,"Jackson,MS",Central,"New Orleans,LA",MS
501764,55125,"Minneapolis,MN",Central,"Milwaukee,WI",MN
1031963,89148,"Las Vegas,NV",West,"Phoenix,AZ",NV
753112,89521,"Sacramento,CA",West,"Sacramento,CA",NV
3856749,68503,"Omaha,NE",Central,"Chicago N,IL",NE
280853,22031,"Fairfax,VA",Great Lakes,"Pittsburgh,PA",VA
499509,48307,"Ann Arbor,MI",Great Lakes,"Detroit,MI",MI
495731,16502,"Buffalo,NY",Great Lakes,"Pittsburgh,PA",PA
4506312,23606,"Richmond,VA",Southeast,"Raleigh,NC",VA
1806,05446,"Albany,NY",Northeast,"Albany,NY",VT
3919912,11793,"Long Island East,NY",Northeast,"Long Island,NY",NY
572547,85901,"Phoenix,AZ",West,"Phoenix,AZ",AZ
2065444490,46804,"Fort Wayne,IN",Central,"Chicago,IL",IN
363068,68130,"Omaha,NE",Central,"Chicago N,IL",NE
7171051,33410,"Orlando S,FL",Southeast,"Jacksonville,FL",FL
497879,48642,"Ann Arbor,MI",Great Lakes,"Detroit,MI",MI
834907,98004,"Seattle,WA",West,"Seattle,WA",WA
4448313,43016,"Columbus,OH",Great Lakes,"Cincinnati,OH",OH
7147778,29169,"Columbia,SC",Southeast,"Charlotte,NC",SC
351388,07632,"Newark,NJ",Northeast,"New York,NY",NJ
301663,25801,"Charleston,WV",Great Lakes,"Cincinnati,OH",WV
4463427,29576,"Raleigh E,NC",Southeast,"Raleigh,NC",SC
1368744,72205,"Little Rock,AR",Central,"Little Rock,AR",AR
6184666,30046,"Atlanta N,GA",Southeast,"Atlanta,GA",GA
500321,97477,"Portland,OR",West,"Seattle,WA",OR
5393799,97477,"Portland,OR",West,"Seattle,WA",OR
1530715,45415,"Dayton,OH",Great Lakes,"Cleveland,OH",OH
4462838,79423,"Fort Worth,TX",Central,"Dallas,TX",TX
13419,66211,"Kansas City E,MO",Central,"Kansas City,MO",KS
7488495,29425,"Columbia,SC",Southeast,"Charlotte,NC",SC
497060,02462,"Worcester,MA",Northeast,"Boston,MA",MA
4457754,12866,"Albany,NY",Northeast,"Albany,NY",NY
5188795,31404,"Columbia,SC",Southeast,"Charlotte,NC",GA
507896,04101,"Portland,ME",Northeast,"Boston,MA",ME
8419750,53158,"Milwaukee,WI",Central,"Milwaukee,WI",WI
6240495,17402,"Lancaster,PA",Northeast,"Philadelphia,PA",PA
5704911,85297,"Phoenix,AZ",West,"Phoenix,AZ",AZ
645369,24502,"Charleston,WV",Great Lakes,"Cincinnati,OH",VA
505998,60611,"Chicago N,IL",Central,"Chicago N,IL",IL
783466,17522,"Lancaster,PA",Northeast,"Philadelphia,PA",PA
8393389,77030,"Houston S,TX",West,"Houston,TX",TX
143618,02915,"Providence,RI",Northeast,"Hartford,CT",RI
762098,40503,"Lexington,KY",Great Lakes,"Cincinnati,OH",KY
300096,52803,"Rockford,IL",Central,"Chicago N,IL",IA
583251,90404,"Los Angeles,CA",West,"Los Angeles,CA",CA
1536105,46526,"Fort Wayne,IN",Central,"Chicago,IL",IN
7659773,49546,"Grand Rapids,MI",Great Lakes,"Detroit,MI",MI
3868683,21754,"Rockville,MD",Southeast,"Baltimore,MD",MD
5573118,12801,"Albany,NY",Northeast,"Albany,NY",NY
522981,81501,"Denver S,CO",West,"Denver,CO",CO
4599922,49445,"Grand Rapids,MI",Great Lakes,"Detroit,MI",MI
723587,13088,"Rochester,NY",Northeast,"Albany,NY",NY
1632244,61606,"Springfield,IL",Central,"Chicago,IL",IL
499979,63141,"St. Louis N,MO",Great Lakes,"St. Louis,MO",MO
497490,68114,"Omaha,NE",Central,"Chicago N,IL",NE
505943,16507,"Buffalo,NY",Great Lakes,"Pittsburgh,PA",PA
1452540,48307,"Ann Arbor,MI",Great Lakes,"Detroit,MI",MI
61721,92123,"San Diego,CA",West,"Los Angeles,CA",CA
519312,23236,"Richmond,VA",Southeast,"Raleigh,NC",VA
504815,14618,"Rochester,NY",Northeast,"Albany,NY",NY
6471889,15241,"Pittsburgh,PA",Great Lakes,"Pittsburgh,PA",PA
496717,40065,"Lexington,KY",Great Lakes,"Cincinnati,OH",KY
500520,95355,"Fresno,CA",West,"Sacramento,CA",CA
505620,15213,"Pittsburgh,PA",Great Lakes,"Pittsburgh,PA",PA
5219651,44145,"Cleveland W,OH",Great Lakes,"Cleveland,OH",OH
940874,48084,"Detroit,MI",Great Lakes,"Detroit,MI",MI
583376,80923,"Denver S,CO",West,"Denver,CO",CO
5633407,57108,"Fargo,ND",Central,"Milwaukee,WI",SD
7696422,33612,"Sarasota,FL",Southeast,"Tampa,FL",FL
352461,01062,"Hartford,CT",Northeast,"Hartford,CT",MA
7359004,30265,"Atlanta S,GA",Southeast,"Atlanta,GA",GA
279184,98027,"Seattle,WA",West,"Seattle,WA",WA
2442701,92024,"San Diego,CA",West,"Los Angeles,CA",CA
499409,48197,"Detroit,MI",Great Lakes,"Detroit,MI",MI
2505102,18321,"Scranton,PA",Northeast,"Philadelphia,PA",PA
8429055,16803,"State College,PA",Great Lakes,"Pittsburgh,PA",PA
502700,02905,"Providence,RI",Northeast,"Hartford,CT",RI
4672113,53081,"Green Bay,WI",Central,"Milwaukee,WI",WI
5487794,29203,"Columbia,SC",Southeast,"Charlotte,NC",SC
4458478,90211,"Los Angeles,CA",West,"Los Angeles,CA",CA
23763,11501,"Long Island West,NY",Northeast,"Long Island,NY",NY
331141,02379,"Providence,RI",Northeast,"Hartford,CT",MA
324453,48446,"Ann Arbor,MI",Great Lakes,"Detroit,MI",MI
443436,46237,"Indianapolis,IN",Central,"Chicago,IL",IN
514944,58103,"Fargo,ND",Central,"Milwaukee,WI",ND
658218,45066,"Dayton,OH",Great Lakes,"Cleveland,OH",OH
497257,30189,"Atlanta N,GA",Southeast,"Atlanta,GA",GA
23418,18104,"Scranton,PA",Northeast,"Philadelphia,PA",PA
5219651,44106,"Cleveland E,OH",Great Lakes,"Cleveland,OH",OH
1376325,95928,"Sacramento,CA",West,"Sacramento,CA",CA
1424877,12401,"Albany,NY",Northeast,"Albany,NY",NY
1464647,18104,"Scranton,PA",Northeast,"Philadelphia,PA",PA
240617,10016,"Manhattan S,NY",Northeast,"New York,NY",NY
2784702,10016,"Manhattan S,NY",Northeast,"New York,NY",NY
224243,33028,"Miami,FL",Southeast,"Tampa,FL",FL
1380915,04101,"Portland,ME",Northeast,"Boston,MA",ME
84497,99301,"Spokane,WA",West,"Seattle,WA",WA
29633,77702,"Houston N,TX",West,"Houston,TX",TX
909805,45044,"Cincinnati,OH",Great Lakes,"Cincinnati,OH",OH
1414432,27103,"Raleigh W,NC",Southeast,"Raleigh,NC",NC
4452426,27103,"Raleigh W,NC",Southeast,"Raleigh,NC",NC
649200,22031,"Fairfax,VA",Great Lakes,"Pittsburgh,PA",VA
6769824,56401,"Minneapolis,MN",Central,"Milwaukee,WI",MN
697683,68114,"Omaha,NE",Central,"Chicago N,IL",NE
502557,17015,"State College,PA",Great Lakes,"Pittsburgh,PA",PA
1452705,54401,"Green Bay,WI",Central,"Milwaukee,WI",WI
502340,53066,"Milwaukee,WI",Central,"Milwaukee,WI",WI
801541,29150,"Columbia,SC",Southeast,"Charlotte,NC",SC
853482,02118,"Boston,MA",Northeast,"Boston,MA",MA
499165,NULL,NULL,NULL,NULL,NULL
6240395,12534,"Albany,NY",Northeast,"Albany,NY",NY
354061,07932,"Morristown,NJ",Northeast,"New York,NY",NJ
98781,46804,"Fort Wayne,IN",Central,"Chicago,IL",IN
842235,87109,"Albuquerque,NM",West,"Phoenix,AZ",NM
134281,38501,"Nashville N,TN",Great Lakes,"Nashville,TN",TN
169462,21804,"Baltimore,MD",Southeast,"Baltimore,MD",MD
72608,22401,"Baltimore,MD",Southeast,"Baltimore,MD",VA
505942,45242,"Cincinnati,OH",Great Lakes,"Cincinnati,OH",OH
5496889,98101,"Seattle,WA",West,"Seattle,WA",WA
4468893,20707,"Rockville,MD",Southeast,"Baltimore,MD",MD
502360,94612,"San Francisco,CA",West,"Sacramento,CA",CA
496361,43016,"Columbus,OH",Great Lakes,"Cincinnati,OH",OH
504939,43016,"Columbus,OH",Great Lakes,"Cincinnati,OH",OH
1379417,02190,"Providence,RI",Northeast,"Hartford,CT",MA
317992,41056,"Lexington,KY",Great Lakes,"Cincinnati,OH",KY
309434,28403,"Raleigh E,NC",Southeast,"Raleigh,NC",NC
163211,90211,"Los Angeles,CA",West,"Los Angeles,CA",CA
7277062,33331,"Miami,FL",Southeast,"Tampa,FL",FL
500518,96161,"Sacramento,CA",West,"Sacramento,CA",CA
517153,77339,"Houston N,TX",West,"Houston,TX",TX
497396,44512,"Cleveland E,OH",Great Lakes,"Cleveland,OH",OH
3021556,49855,"Green Bay,WI",Central,"Milwaukee,WI",MI
6382762,55426,"Minneapolis,MN",Central,"Milwaukee,WI",MN
8431001,10028,"Manhattan N,NY",Northeast,"Long Island,NY",NY
497224,07092,"Morristown,NJ",Northeast,"New York,NY",NJ
7489952,81501,"Denver S,CO",West,"Denver,CO",CO
737948,11030,"Long Island West,NY",Northeast,"Long Island,NY",NY
497714,70809,"New Orleans,LA",Central,"New Orleans,LA",LA
4623738,60015,"Chicago N,IL",Central,"Chicago N,IL",IL
1811777,90024,"Los Angeles,CA",West,"Los Angeles,CA",CA
512981,33803,"Orlando S,FL",Southeast,"Jacksonville,FL",FL
1807820,27103,"Raleigh W,NC",Southeast,"Raleigh,NC",NC
497435,40503,"Lexington,KY",Great Lakes,"Cincinnati,OH",KY
520238,14534,"Rochester,NY",Northeast,"Albany,NY",NY
504945,48307,"Ann Arbor,MI",Great Lakes,"Detroit,MI",MI
734852,12601,"White Plains,NY",Northeast,"Albany,NY",NY
478274,94115,"San Francisco,CA",West,"Sacramento,CA",CA
499511,27511,"Raleigh W,NC",Southeast,"Raleigh,NC",NC
4454726,70503,"Houston N,TX",West,"Houston,TX",LA
224534,37203,"Nashville N,TN",Great Lakes,"Nashville,TN",TN
5155315,65201,"St. Louis N,MO",Great Lakes,"St. Louis,MO",MO
1407509,06475,"New Haven,CT",Northeast,"Hartford,CT",CT
547483,38801,"Memphis,TN",Central,"Little Rock,AR",MS
236976,38655,"Memphis,TN",Central,"Little Rock,AR",MS
4616819,56401,"Minneapolis,MN",Central,"Milwaukee,WI",MN
1805950,08540,"Morristown,NJ",Northeast,"New York,NY",NJ
813613758,30809,"Greenville,SC",Southeast,"Charlotte,NC",GA
381009,08054,"Cherry Hill,NJ",Southeast,"Baltimore,MD",NJ
496229,29414,"Columbia,SC",Southeast,"Charlotte,NC",SC
1519550,04901,"Portland,ME",Northeast,"Boston,MA",ME
523648,14221,"Buffalo,NY",Great Lakes,"Pittsburgh,PA",NY
282007,13905,"Scranton,PA",Northeast,"Philadelphia,PA",NY
2105289,38138,"Memphis,TN",Central,"Little Rock,AR",TN
889546,10029,"Manhattan N,NY",Northeast,"Long Island,NY",NY
518621,48081,"Detroit,MI",Great Lakes,"Detroit,MI",MI
580488,03301,"Worcester,MA",Northeast,"Boston,MA",NH
1397262,08901,"Morristown,NJ",Northeast,"New York,NY",NJ
1389614,08901,"Morristown,NJ",Northeast,"New York,NY",NJ
697239,84124,"Salt Lake City,UT",West,"Denver,CO",UT
833437,84121,"Salt Lake City,UT",West,"Denver,CO",UT
1848439,03101,"Worcester,MA",Northeast,"Boston,MA",NH
499247,53095,"Milwaukee,WI",Central,"Milwaukee,WI",WI
3919159,48336,"Detroit,MI",Great Lakes,"Detroit,MI",MI
350519,97477,"Portland,OR",West,"Seattle,WA",OR
4458311,14432,"Rochester,NY",Northeast,"Albany,NY",NY
3982530,32803,"Orlando N,FL",Southeast,"Jacksonville,FL",FL
1359852,60611,"Chicago N,IL",Central,"Chicago N,IL",IL
137260,11021,"Long Island West,NY",Northeast,"Long Island,NY",NY
252233,28025,"Charlotte,NC",Southeast,"Charlotte,NC",NC
168233,20814,"Rockville,MD",Southeast,"Baltimore,MD",MD
6195649,27520,"Raleigh W,NC",Southeast,"Raleigh,NC",NC
4461197,19107,"Philadelphia E,PA",Northeast,"Philadelphia,PA",PA
3862052,90404,"Los Angeles,CA",West,"Los Angeles,CA",CA
5526148,54401,"Green Bay,WI",Central,"Milwaukee,WI",WI
508553,46260,"Indianapolis,IN",Central,"Chicago,IL",IN
497280,19046,"Philadelphia E,PA",Northeast,"Philadelphia,PA",PA
1416628,53562,"Milwaukee,WI",Central,"Milwaukee,WI",WI
500036,27614,"Raleigh W,NC",Southeast,"Raleigh,NC",NC
499672,32610,"Tampa,FL",Southeast,"Tampa,FL",FL
495769,10591,"White Plains,NY",Northeast,"Albany,NY",NY
230912,55127,"Minneapolis,MN",Central,"Milwaukee,WI",MN
8232376,99204,"Spokane,WA",West,"Seattle,WA",WA
505045,NULL,NULL,NULL,NULL,NULL
495698,84003,"Salt Lake City,UT",West,"Denver,CO",UT
583637756,12027,"Albany,NY",Northeast,"Albany,NY",NY
9287015,24153,"Charleston,WV",Great Lakes,"Cincinnati,OH",VA
9511905,NULL,NULL,NULL,NULL,NULL
499750,74133,"Oklahoma City,OK",Central,"Kansas City,MO",OK
7657149,NULL,NULL,NULL,NULL,NULL
6713922,59808,"Spokane,WA",West,"Seattle,WA",MT
828682,28105,"Charlotte,NC",Southeast,"Charlotte,NC",NC
825189,84010,"Salt Lake City,UT",West,"Denver,CO",UT
518624,03301,"Worcester,MA",Northeast,"Boston,MA",NH
925257,19106,"Philadelphia E,PA",Northeast,"Philadelphia,PA",PA
2455598,01453,"Worcester,MA",Northeast,"Boston,MA",MA
394918,14304,"Buffalo,NY",Great Lakes,"Pittsburgh,PA",NY
6249603,07601,"Newark,NJ",Northeast,"New York,NY",NJ
513757,03110,"Worcester,MA",Northeast,"Boston,MA",NH
497440,63017,"St. Louis N,MO",Great Lakes,"St. Louis,MO",MO
495935,72401,"Memphis,TN",Central,"Little Rock,AR",AR
7144216,76201,"Dallas N,TX",Central,"Dallas,TX",TX
7312488,55433,"Minneapolis,MN",Central,"Milwaukee,WI",MN
4456463,35243,"Birmingham,AL",Great Lakes,"Nashville,TN",AL
4459000,28204,"Charlotte,NC",Southeast,"Charlotte,NC",NC
697490,55437,"Minneapolis,MN",Central,"Milwaukee,WI",MN
629070,55437,"Minneapolis,MN",Central,"Milwaukee,WI",MN
5216927,51101,"Omaha,NE",Central,"Chicago N,IL",IA
792892,89011,"Las Vegas,NV",West,"Phoenix,AZ",NV
498185,66061,"Kansas City W,MO",Central,"Kansas City,MO",KS
2065083839,44203,"Cleveland W,OH",Great Lakes,"Cleveland,OH",OH
892442994,56303,"Minneapolis,MN",Central,"Milwaukee,WI",MN
2077167960,94115,"San Francisco,CA",West,"Sacramento,CA",CA
2113160244,39216,"Jackson,MS",Central,"New Orleans,LA",MS
7767391,23502,"Richmond,VA",Southeast,"Raleigh,NC",VA
6374410,NULL,NULL,NULL,NULL,NULL
249826,02891,"Providence,RI",Northeast,"Hartford,CT",RI
296382,23320,"Richmond,VA",Southeast,"Raleigh,NC",VA
8102303,46260,"Indianapolis,IN",Central,"Chicago,IL",IN
231029,15108,"Pittsburgh,PA",Great Lakes,"Pittsburgh,PA",PA
6091022,11777,"Long Island East,NY",Northeast,"Long Island,NY",NY
66570,50325,"Omaha,NE",Central,"Chicago N,IL",IA
5215935,78681,"Austin,TX",Central,"Little Rock,AR",TX
792846,08012,"Cherry Hill,NJ",Southeast,"Baltimore,MD",NJ
8153542,26101,"Charleston,WV",Great Lakes,"Cincinnati,OH",WV
497828,43560,"Dayton,OH",Great Lakes,"Cleveland,OH",OH
1479068,20186,"Fairfax,VA",Great Lakes,"Pittsburgh,PA",VA
690008,72758,"Little Rock,AR",Central,"Little Rock,AR",AR
508893,85255,"Phoenix,AZ",West,"Phoenix,AZ",AZ
719302,03104,"Worcester,MA",Northeast,"Boston,MA",NH
1634886,49424,"Grand Rapids,MI",Great Lakes,"Detroit,MI",MI
7123604,43082,"Columbus,OH",Great Lakes,"Cincinnati,OH",OH
1356358,90211,"Los Angeles,CA",West,"Los Angeles,CA",CA
498147,32503,"Columbus,GA",Central,"New Orleans,LA",FL
495425,89511,"Sacramento,CA",West,"Sacramento,CA",NV
756433,43302,"Columbus,OH",Great Lakes,"Cincinnati,OH",OH
496381,01720,"Worcester,MA",Northeast,"Boston,MA",MA
504940,43016,"Columbus,OH",Great Lakes,"Cincinnati,OH",OH
1526455,48336,"Detroit,MI",Great Lakes,"Detroit,MI",MI
871955,94597,"San Francisco,CA",West,"Sacramento,CA",CA
498415,37920,"Knoxville,TN",Southeast,"Atlanta,GA",TN
872231,30115,"Atlanta N,GA",Southeast,"Atlanta,GA",GA
7173719,94063,"San Francisco,CA",West,"Sacramento,CA",CA
7500319,40207,"Louisville,KY",Great Lakes,"St. Louis,MO",KY
501761,55446,"Minneapolis,MN",Central,"Milwaukee,WI",MN
4245147,95816,"Sacramento,CA",West,"Sacramento,CA",CA
685302564,20815,"Rockville,MD",Southeast,"Baltimore,MD",MD
6065574,46703,"Fort Wayne,IN",Central,"Chicago,IL",IN
2106507284,63104,"St. Louis S,MO",Great Lakes,"St. Louis,MO",MO
2065484166,35233,"Birmingham,AL",Great Lakes,"Nashville,TN",AL
2070655087,10595,"White Plains,NY",Northeast,"Albany,NY",NY
2077513549,49068,"Ann Arbor,MI",Great Lakes,"Detroit,MI",MI
2062971450,44106,"Cleveland E,OH",Great Lakes,"Cleveland,OH",OH
2058409733,63026,"St. Louis S,MO",Great Lakes,"St. Louis,MO",MO
2062971450,44122,"Cleveland W,OH",Great Lakes,"Cleveland,OH",OH
7179939,63129,"St. Louis S,MO",Great Lakes,"St. Louis,MO",MO
674623,48642,"Ann Arbor,MI",Great Lakes,"Detroit,MI",MI
230380,NULL,NULL,NULL,NULL,NULL
499143,74104,"Oklahoma City,OK",Central,"Kansas City,MO",OK
4217102,02882,"Providence,RI",Northeast,"Hartford,CT",RI
4463910,44145,"Cleveland W,OH",Great Lakes,"Cleveland,OH",OH
5495700,30601,"Atlanta S,GA",Southeast,"Atlanta,GA",GA
348121,07981,"Morristown,NJ",Northeast,"New York,NY",NJ
679842,55433,"Minneapolis,MN",Central,"Milwaukee,WI",MN
499771,28078,"Charlotte,NC",Southeast,"Charlotte,NC",NC
905621,23116,"Richmond,VA",Southeast,"Raleigh,NC",VA
4216975,55369,"Minneapolis,MN",Central,"Milwaukee,WI",MN
1444245,78006,"San Antonio,TX",West,"Houston,TX",TX
5209985,32610,"Tampa,FL",Southeast,"Tampa,FL",FL
927770,44691,"Cleveland W,OH",Great Lakes,"Cleveland,OH",OH
166482,34239,"Sarasota,FL",Southeast,"Tampa,FL",FL
3951048,58501,"Fargo,ND",Central,"Milwaukee,WI",ND
3857280,45211,"Cincinnati,OH",Great Lakes,"Cincinnati,OH",OH
495779,30809,"Greenville,SC",Southeast,"Charlotte,NC",GA
498837,80218,"Denver N,CO",West,"Denver,CO",CO
8246263,24502,"Charleston,WV",Great Lakes,"Cincinnati,OH",VA
5709561,48867,"Ann Arbor,MI",Great Lakes,"Detroit,MI",MI
1359726,62401,"Springfield,IL",Central,"Chicago,IL",IL
5442055,55455,"Minneapolis,MN",Central,"Milwaukee,WI",MN
1523406,75235,"Dallas S,TX",Central,"Dallas,TX",TX
166666,40503,"Lexington,KY",Great Lakes,"Cincinnati,OH",KY
8404419,48109,"Ann Arbor,MI",Great Lakes,"Detroit,MI",MI
801685,57105,"Fargo,ND",Central,"Milwaukee,WI",SD
7179939,63141,"St. Louis N,MO",Great Lakes,"St. Louis,MO",MO
7417622,40536,"Lexington,KY",Great Lakes,"Cincinnati,OH",KY
238734,01566,"Hartford,CT",Northeast,"Hartford,CT",MA
499940,18901,"Philadelphia E,PA",Northeast,"Philadelphia,PA",PA
3870582,84403,"Salt Lake City,UT",West,"Denver,CO",UT
10158148,33176,"Miami,FL",Southeast,"Tampa,FL",FL
496539,NULL,NULL,NULL,NULL,NULL
828617,27514,"Raleigh W,NC",Southeast,"Raleigh,NC",NC
602801,78613,"Austin,TX",Central,"Little Rock,AR",TX
730244,98104,"Seattle,WA",West,"Seattle,WA",WA
914673,43026,"Columbus,OH",Great Lakes,"Cincinnati,OH",OH
726566,37076,"Nashville N,TN",Great Lakes,"Nashville,TN",TN
174863,02721,"Providence,RI",Northeast,"Hartford,CT",MA
29209,30165,"Atlanta N,GA",Southeast,"Atlanta,GA",GA
500545,98055,"Seattle,WA",West,"Seattle,WA",WA
4448310,61614,"Springfield,IL",Central,"Chicago,IL",IL
499841,19713,"Cherry Hill,NJ",Southeast,"Baltimore,MD",DE
32556,44805,"Columbus,OH",Great Lakes,"Cincinnati,OH",OH
6244085,10038,"Manhattan S,NY",Northeast,"New York,NY",NY
6244085,11201,"Brooklyn,NY",Northeast,"Long Island,NY",NY
11903,80113,"Denver S,CO",West,"Denver,CO",CO
3875703,23320,"Richmond,VA",Southeast,"Raleigh,NC",VA
351412,10029,"Manhattan N,NY",Northeast,"Long Island,NY",NY
2075349341,55805,"Minneapolis,MN",Central,"Milwaukee,WI",MN
6700613,29605,"Greenville,SC",Southeast,"Charlotte,NC",SC
79476,33308,"Miami,FL",Southeast,"Tampa,FL",FL
497978,30046,"Atlanta N,GA",Southeast,"Atlanta,GA",GA
12649,77479,"Houston S,TX",West,"Houston,TX",TX
496488,08724,"Cherry Hill,NJ",Southeast,"Baltimore,MD",NJ
1802358,64086,"Kansas City E,MO",Central,"Kansas City,MO",MO
2062888506,42503,"Lexington,KY",Great Lakes,"Cincinnati,OH",KY
5139374,33990,"Sarasota,FL",Southeast,"Tampa,FL",FL
128326,25303,"Charleston,WV",Great Lakes,"Cincinnati,OH",WV
4659485,53097,"Milwaukee,WI",Central,"Milwaukee,WI",WI
1449523,63110,"St. Louis S,MO",Great Lakes,"St. Louis,MO",MO
1410089,33445,"Miami,FL",Southeast,"Tampa,FL",FL
6196975,98801,"Spokane,WA",West,"Seattle,WA",WA
5213654,55123,"Minneapolis,MN",Central,"Milwaukee,WI",MN
281330,19104,"Philadelphia W,PA",Northeast,"Philadelphia,PA",PA
502758,84041,"Salt Lake City,UT",West,"Denver,CO",UT
1391699,95816,"Sacramento,CA",West,"Sacramento,CA",CA
975136820,91360,"Santa Clarita,CA",West,"Los Angeles,CA",CA
2090245987,44195,"Cleveland E,OH",Great Lakes,"Cleveland,OH",OH
88885,45242,"Cincinnati,OH",Great Lakes,"Cincinnati,OH",OH
2750064,30265,"Atlanta S,GA",Southeast,"Atlanta,GA",GA
5667477,94558,"San Francisco,CA",West,"Sacramento,CA",CA
741120,19610,"Philadelphia W,PA",Northeast,"Philadelphia,PA",PA
503151,97210,"Portland,OR",West,"Seattle,WA",OR
1348566,22311,"Baltimore,MD",Southeast,"Baltimore,MD",VA
1348566,22192,"Fairfax,VA",Great Lakes,"Pittsburgh,PA",VA
6537126,98195,"Seattle,WA",West,"Seattle,WA",WA
741368,60035,"Chicago N,IL",Central,"Chicago N,IL",IL
919288,33156,"Miami,FL",Southeast,"Tampa,FL",FL
7303533,47905,"Fort Wayne,IN",Central,"Chicago,IL",IN
5559559,37421,"Knoxville,TN",Southeast,"Atlanta,GA",TN
1483441,37421,"Knoxville,TN",Southeast,"Atlanta,GA",TN
497913,30141,"Atlanta N,GA",Southeast,"Atlanta,GA",GA
497676,39402,"Jackson,MS",Central,"New Orleans,LA",MS
788792,11733,"Long Island East,NY",Northeast,"Long Island,NY",NY
379060,53092,"Milwaukee,WI",Central,"Milwaukee,WI",WI
502533,23320,"Richmond,VA",Southeast,"Raleigh,NC",VA
1428882,21215,"Lancaster,PA",Northeast,"Philadelphia,PA",MD
496963,12771,"White Plains,NY",Northeast,"Albany,NY",NY
241548,07013,"Newark,NJ",Northeast,"New York,NY",NJ
3912243,32703,"Orlando N,FL",Southeast,"Jacksonville,FL",FL
5411399,84121,"Salt Lake City,UT",West,"Denver,CO",UT
354120,62220,"St. Louis S,MO",Great Lakes,"St. Louis,MO",IL
162548,06824,"New Haven,CT",Northeast,"Hartford,CT",CT
518023,53097,"Milwaukee,WI",Central,"Milwaukee,WI",WI
175905,10128,"Manhattan N,NY",Northeast,"Long Island,NY",NY
1519352,64507,"Kansas City E,MO",Central,"Kansas City,MO",MO
1400454,48377,"Detroit,MI",Great Lakes,"Detroit,MI",MI
787023,17201,"State College,PA",Great Lakes,"Pittsburgh,PA",PA
1409935,44124,"Cleveland W,OH",Great Lakes,"Cleveland,OH",OH
5164349,97225,"Portland,OR",West,"Seattle,WA",OR
7164333,97239,"Portland,OR",West,"Seattle,WA",OR
1805778,21401,"Baltimore,MD",Southeast,"Baltimore,MD",MD
351409,04101,"Portland,ME",Northeast,"Boston,MA",ME
29817,28374,"Raleigh W,NC",Southeast,"Raleigh,NC",NC
499784,24211,"Charleston,WV",Great Lakes,"Cincinnati,OH",VA
390657,93940,"Fresno,CA",West,"Sacramento,CA",CA
1405217,02114,"Boston,MA",Northeast,"Boston,MA",MA
497587,36608,"Jackson,MS",Central,"New Orleans,LA",AL
130995,90808,"Los Angeles,CA",West,"Los Angeles,CA",CA
496599,49503,"Grand Rapids,MI",Great Lakes,"Detroit,MI",MI
505573,60611,"Chicago N,IL",Central,"Chicago N,IL",IL
1542372,76132,"Fort Worth,TX",Central,"Dallas,TX",TX
4448917,77030,"Houston S,TX",West,"Houston,TX",TX
889463,32804,"Orlando N,FL",Southeast,"Jacksonville,FL",FL
892252,06706,"New Haven,CT",Northeast,"Hartford,CT",CT
1491081,61614,"Springfield,IL",Central,"Chicago,IL",IL
1357377,46250,"Indianapolis,IN",Central,"Chicago,IL",IN
496225,02914,"Providence,RI",Northeast,"Hartford,CT",RI
496710,19713,"Cherry Hill,NJ",Southeast,"Baltimore,MD",DE
24004,92868,"Huntington Beach,CA",West,"Los Angeles,CA",CA
228094,61107,"Rockford,IL",Central,"Chicago N,IL",IL
5673055,70836,"New Orleans,LA",Central,"New Orleans,LA",LA
1347406,99208,"Spokane,WA",West,"Seattle,WA",WA
499866,48084,"Detroit,MI",Great Lakes,"Detroit,MI",NULL
500308,98034,"Seattle,WA",West,"Seattle,WA",WA
509999,80525,"Denver N,CO",West,"Denver,CO",CO
238059,10029,"Manhattan N,NY",Northeast,"Long Island,NY",NY
447518,37909,"Knoxville,TN",Southeast,"Atlanta,GA",TN
8692424,90048,"Los Angeles,CA",West,"Los Angeles,CA",CA
320964,32503,"Columbus,GA",Central,"New Orleans,LA",FL
938379,04401,"Portland,ME",Northeast,"Boston,MA",ME
7762741,29203,"Columbia,SC",Southeast,"Charlotte,NC",SC
508074,44124,"Cleveland W,OH",Great Lakes,"Cleveland,OH",OH
719888,98201,"Seattle,WA",West,"Seattle,WA",WA
239077,14701,"Buffalo,NY",Great Lakes,"Pittsburgh,PA",NY
3872003,15212,"Pittsburgh,PA",Great Lakes,"Pittsburgh,PA",PA
5693964,32608,"Tampa,FL",Southeast,"Tampa,FL",FL
455658,99204,"Spokane,WA",West,"Seattle,WA",WA
1778742,92037,"San Diego,CA",West,"Los Angeles,CA",CA
1503898,64086,"Kansas City E,MO",Central,"Kansas City,MO",MO
500173,01757,"Worcester,MA",Northeast,"Boston,MA",MA
4593240,41101,"Charleston,WV",Great Lakes,"Cincinnati,OH",KY
1487973,30501,"Atlanta N,GA",Southeast,"Atlanta,GA",GA
162469,65201,"St. Louis N,MO",Great Lakes,"St. Louis,MO",MO
497599,22031,"Fairfax,VA",Great Lakes,"Pittsburgh,PA",VA
352687,40391,"Lexington,KY",Great Lakes,"Cincinnati,OH",KY
858240891,43623,"Dayton,OH",Great Lakes,"Cleveland,OH",OH
7510641,77054,"Houston S,TX",West,"Houston,TX",TX
342207,NULL,NULL,NULL,NULL,NULL
515295,80113,"Denver S,CO",West,"Denver,CO",CO
5279060,44145,"Cleveland W,OH",Great Lakes,"Cleveland,OH",OH
7599024,43302,"Columbus,OH",Great Lakes,"Cincinnati,OH",OH
7171638,98034,"Seattle,WA",West,"Seattle,WA",WA
1532349,48081,"Detroit,MI",Great Lakes,"Detroit,MI",MI
509996,44320,"Cleveland W,OH",Great Lakes,"Cleveland,OH",OH
499565,22401,"Baltimore,MD",Southeast,"Baltimore,MD",VA
497507,36301,"Columbus,GA",Central,"New Orleans,LA",AL
508892,98027,"Seattle,WA",West,"Seattle,WA",WA
501664,76092,"Dallas N,TX",Central,"Dallas,TX",TX
2089756,08901,"Morristown,NJ",Northeast,"New York,NY",NJ
5692698,53226,"Milwaukee,WI",Central,"Milwaukee,WI",WI
7183139,67502,"Kansas City W,MO",Central,"Kansas City,MO",KS
875264,85255,"Phoenix,AZ",West,"Phoenix,AZ",AZ
502152,43082,"Columbus,OH",Great Lakes,"Cincinnati,OH",OH
502636,33445,"Miami,FL",Southeast,"Tampa,FL",FL
233321,01301,"Hartford,CT",Northeast,"Hartford,CT",MA
502636,33437,"Orlando S,FL",Southeast,"Jacksonville,FL",FL
2099953,55127,"Minneapolis,MN",Central,"Milwaukee,WI",MN
41563,45211,"Cincinnati,OH",Great Lakes,"Cincinnati,OH",OH
520768,04101,"Portland,ME",Northeast,"Boston,MA",ME
837310,26506,"Morgantown,WV",Great Lakes,"Pittsburgh,PA",WV
2091248030,58104,"Fargo,ND",Central,"Milwaukee,WI",ND
1530772,60657,"Chicago N,IL",Central,"Chicago N,IL",IL
289228,37205,"Nashville N,TN",Great Lakes,"Nashville,TN",TN
1352017,32256,"Jacksonville,FL",Southeast,"Jacksonville,FL",FL
145862,11023,"Long Island West,NY",Northeast,"Long Island,NY",NY
35979,48307,"Ann Arbor,MI",Great Lakes,"Detroit,MI",MI
495874,02111,"Boston,MA",Northeast,"Boston,MA",MA
134531719,99204,"Spokane,WA",West,"Seattle,WA",WA
2088530814,26330,"Morgantown,WV",Great Lakes,"Pittsburgh,PA",WV
9158583,32804,"Orlando N,FL",Southeast,"Jacksonville,FL",FL
2093427205,21061,"Baltimore,MD",Southeast,"Baltimore,MD",MD
715761,14094,"Buffalo,NY",Great Lakes,"Pittsburgh,PA",NY
616764,80537,"Denver N,CO",West,"Denver,CO",CO
296461,99111,"Spokane,WA",West,"Seattle,WA",WA
8560541,98003,"Seattle,WA",West,"Seattle,WA",WA
892421533,NULL,NULL,NULL,NULL,NULL
2084385329,89521,"Sacramento,CA",West,"Sacramento,CA",NV
36100,54701,"Minneapolis,MN",Central,"Milwaukee,WI",WI
354639,33613,"Sarasota,FL",Southeast,"Tampa,FL",FL
5864331,33136,"Miami,FL",Southeast,"Tampa,FL",FL
796580,33176,"Miami,FL",Southeast,"Tampa,FL",FL
5171586,15090,"Pittsburgh,PA",Great Lakes,"Pittsburgh,PA",PA
86131,67401,"Kansas City W,MO",Central,"Kansas City,MO",KS
726764,10017,"Manhattan S,NY",Northeast,"New York,NY",NY
7657149,57108,"Fargo,ND",Central,"Milwaukee,WI",SD
516622,63127,"St. Louis S,MO",Great Lakes,"St. Louis,MO",MO
498494,02360,"Providence,RI",Northeast,"Hartford,CT",MA
499226,28277,"Charlotte,NC",Southeast,"Charlotte,NC",NC
171369,45640,"Charleston,WV",Great Lakes,"Cincinnati,OH",OH
497823,66212,"Kansas City W,MO",Central,"Kansas City,MO",KS
230787,39581,"Jackson,MS",Central,"New Orleans,LA",MS
496672,28078,"Charlotte,NC",Southeast,"Charlotte,NC",NC
496916,37128,"Nashville S,TN",Great Lakes,"Nashville,TN",TN
498116,12206,"Albany,NY",Northeast,"Albany,NY",NY
294920,33021,"Miami,FL",Southeast,"Tampa,FL",FL
510728,77098,"Houston S,TX",West,"Houston,TX",TX
348341,34655,"Tampa,FL",Southeast,"Tampa,FL",FL
347802,48823,"Ann Arbor,MI",Great Lakes,"Detroit,MI",MI
32595,48060,"Ann Arbor,MI",Great Lakes,"Detroit,MI",MI
496091,06614,"New Haven,CT",Northeast,"Hartford,CT",CT
906028,78613,"Austin,TX",Central,"Little Rock,AR",TX
497206,32750,"Orlando N,FL",Southeast,"Jacksonville,FL",FL
505487,41017,"Lexington,KY",Great Lakes,"Cincinnati,OH",KY
498043,02905,"Providence,RI",Northeast,"Hartford,CT",RI
499381,61614,"Springfield,IL",Central,"Chicago,IL",IL
509358,10016,"Manhattan S,NY",Northeast,"New York,NY",NY
510786,01824,"Portland,ME",Northeast,"Boston,MA",MA
515625,10021,"Manhattan S,NY",Northeast,"New York,NY",NY
580251,19610,"Philadelphia W,PA",Northeast,"Philadelphia,PA",PA
98805,51503,"Omaha,NE",Central,"Chicago N,IL",IA
1382198,01805,"Boston,MA",Northeast,"Boston,MA",MA
609021,98506,"Seattle,WA",West,"Seattle,WA",WA
398094,10075,"Manhattan N,NY",Northeast,"Long Island,NY",NY
502745,80218,"Denver N,CO",West,"Denver,CO",CO
692937,64068,"Kansas City E,MO",Central,"Kansas City,MO",MO
518079,99508,"Seattle,WA",West,"Seattle,WA",AK
1633715,43614,"Dayton,OH",Great Lakes,"Cleveland,OH",OH
1408741,15301,"Pittsburgh,PA",Great Lakes,"Pittsburgh,PA",PA
868603,08724,"Cherry Hill,NJ",Southeast,"Baltimore,MD",NJ
927531,46635,"Fort Wayne,IN",Central,"Chicago,IL",IN
1536535,60201,"Chicago N,IL",Central,"Chicago N,IL",IL
1355169,55805,"Minneapolis,MN",Central,"Milwaukee,WI",MN
1540984,30518,"Atlanta N,GA",Southeast,"Atlanta,GA",GA
2089269,42103,"Nashville N,TN",Great Lakes,"Nashville,TN",KY
1401885,06320,"New Haven,CT",Northeast,"Hartford,CT",CT
1376961,18106,"Scranton,PA",Northeast,"Philadelphia,PA",PA
4215460,48346,"Detroit,MI",Great Lakes,"Detroit,MI",MI
1807856,27103,"Raleigh W,NC",Southeast,"Raleigh,NC",NC
5208245,50266,"Omaha,NE",Central,"Chicago N,IL",IA
5566601,24014,"Charleston,WV",Great Lakes,"Cincinnati,OH",VA
6618237,26506,"Morgantown,WV",Great Lakes,"Pittsburgh,PA",WV
7720318,05401,"Albany,NY",Northeast,"Albany,NY",VT
7898504,99362,"Spokane,WA",West,"Seattle,WA",WA
8564739,93105,"Fresno,CA",West,"Sacramento,CA",CA
1368744,43205,"Columbus,OH",Great Lakes,"Cincinnati,OH",OH
4457754,12027,"Albany,NY",Northeast,"Albany,NY",NY
7171051,33407,"Orlando S,FL",Southeast,"Jacksonville,FL",FL
1535646,48602,"Ann Arbor,MI",Great Lakes,"Detroit,MI",MI
496293,15213,"Pittsburgh,PA",Great Lakes,"Pittsburgh,PA",PA
74748,10029,"Manhattan N,NY",Northeast,"Long Island,NY",NY
74748,10583,"White Plains,NY",Northeast,"Albany,NY",NY
771758079,21157,"Lancaster,PA",Northeast,"Philadelphia,PA",MD
499738,08901,"Morristown,NJ",Northeast,"New York,NY",NJ
42684,77802,"Austin,TX",Central,"Little Rock,AR",TX
501817,02190,"Providence,RI",Northeast,"Hartford,CT",MA
799252,29169,"Columbia,SC",Southeast,"Charlotte,NC",SC
295296,84604,"Salt Lake City,UT",West,"Denver,CO",UT
8735309,28204,"Charlotte,NC",Southeast,"Charlotte,NC",NC
588607,20678,"Baltimore,MD",Southeast,"Baltimore,MD",MD
502285,54016,"Minneapolis,MN",Central,"Milwaukee,WI",WI
909806,98022,"Seattle,WA",West,"Seattle,WA",WA
315530,48124,"Detroit,MI",Great Lakes,"Detroit,MI",MI
501855,04102,"Portland,ME",Northeast,"Boston,MA",ME
495662,03801,"Portland,ME",Northeast,"Boston,MA",NH
505055,01742,"Worcester,MA",Northeast,"Boston,MA",MA
3869746,78610,"Austin,TX",Central,"Little Rock,AR",TX
5219522,83814,"Spokane,WA",West,"Seattle,WA",ID
546932,97225,"Portland,OR",West,"Seattle,WA",OR
247380,21401,"Baltimore,MD",Southeast,"Baltimore,MD",MD
8494480,80124,"Denver S,CO",West,"Denver,CO",CO
1471204,27834,"Raleigh E,NC",Southeast,"Raleigh,NC",NC
498349,72903,"Little Rock,AR",Central,"Little Rock,AR",AR
73699,11776,"Long Island East,NY",Northeast,"Long Island,NY",NY
1393665,68114,"Omaha,NE",Central,"Chicago N,IL",NE
7409818,40536,"Lexington,KY",Great Lakes,"Cincinnati,OH",KY
944657,92868,"Huntington Beach,CA",West,"Los Angeles,CA",CA
76087,02904,"Providence,RI",Northeast,"Hartford,CT",RI
498996,53188,"Milwaukee,WI",Central,"Milwaukee,WI",WI
3862982,32701,"Orlando N,FL",Southeast,"Jacksonville,FL",FL
78289,32701,"Orlando N,FL",Southeast,"Jacksonville,FL",FL
9423688,45750,"Charleston,WV",Great Lakes,"Cincinnati,OH",OH
353623,75024,"Dallas N,TX",Central,"Dallas,TX",TX
235764,NULL,NULL,NULL,NULL,NULL
5517395,21704,"Rockville,MD",Southeast,"Baltimore,MD",MD
4460766,27518,"Raleigh W,NC",Southeast,"Raleigh,NC",NC
283805,07052,"Newark,NJ",Northeast,"New York,NY",NJ
166881,45440,"Dayton,OH",Great Lakes,"Cleveland,OH",OH
6809072,06105,"Hartford,CT",Northeast,"Hartford,CT",CT
1431144,10022,"Manhattan S,NY",Northeast,"New York,NY",NY
5171354,41017,"Lexington,KY",Great Lakes,"Cincinnati,OH",KY
1805220,84604,"Salt Lake City,UT",West,"Denver,CO",UT
7147537,70112,"New Orleans,LA",Central,"New Orleans,LA",LA
505567,85259,"Phoenix,AZ",West,"Phoenix,AZ",AZ
1407665,03878,"Portland,ME",Northeast,"Boston,MA",NH
523536,45212,"Cincinnati,OH",Great Lakes,"Cincinnati,OH",OH
8195702,80537,"Denver N,CO",West,"Denver,CO",CO
839438,04401,"Portland,ME",Northeast,"Boston,MA",ME
30816,53233,"Milwaukee,WI",Central,"Milwaukee,WI",WI
496918,34202,"Sarasota,FL",Southeast,"Tampa,FL",FL
760381,44691,"Cleveland W,OH",Great Lakes,"Cleveland,OH",OH
30827,08690,"Morristown,NJ",Northeast,"New York,NY",NJ
765367,74136,"Oklahoma City,OK",Central,"Kansas City,MO",OK
173747,30809,"Greenville,SC",Southeast,"Charlotte,NC",GA
341086,10512,"White Plains,NY",Northeast,"Albany,NY",NY
499456,33021,"Miami,FL",Southeast,"Tampa,FL",FL
1498860,15212,"Pittsburgh,PA",Great Lakes,"Pittsburgh,PA",PA
1431144,10028,"Manhattan N,NY",Northeast,"Long Island,NY",NY
206854,22003,"Fairfax,VA",Great Lakes,"Pittsburgh,PA",VA
282210,10024,"Manhattan N,NY",Northeast,"Long Island,NY",NY
7974249,13057,"Rochester,NY",Northeast,"Albany,NY",NY
1829613,52403,"Omaha,NE",Central,"Chicago N,IL",IA
496586,46202,"Indianapolis,IN",Central,"Chicago,IL",IN
6179633,70503,"Houston N,TX",West,"Houston,TX",LA
5490852,72223,"Little Rock,AR",Central,"Little Rock,AR",AR
4447083,63141,"St. Louis N,MO",Great Lakes,"St. Louis,MO",MO
812542,78712,"Austin,TX",Central,"Little Rock,AR",TX
41509,85206,"Phoenix,AZ",West,"Phoenix,AZ",AZ
1412728,28562,"Raleigh E,NC",Southeast,"Raleigh,NC",NC
5488712,43506,"Dayton,OH",Great Lakes,"Cleveland,OH",OH
8156008,03053,"Worcester,MA",Northeast,"Boston,MA",NH
5256908,30117,"Atlanta S,GA",Southeast,"Atlanta,GA",GA
500434,98195,"Seattle,WA",West,"Seattle,WA",WA
233344,01960,"Portland,ME",Northeast,"Boston,MA",MA
496389,92663,"Huntington Beach,CA",West,"Los Angeles,CA",CA
496562,31201,"Columbus,GA",Central,"New Orleans,LA",GA
504730,19355,"Philadelphia W,PA",Northeast,"Philadelphia,PA",PA
7463471,32746,"Orlando N,FL",Southeast,"Jacksonville,FL",FL
300715,29607,"Greenville,SC",Southeast,"Charlotte,NC",SC
1351960,32610,"Tampa,FL",Southeast,"Tampa,FL",FL
497664,46237,"Indianapolis,IN",Central,"Chicago,IL",IN
7176575,07901,"Morristown,NJ",Northeast,"New York,NY",NJ
140098,37128,"Nashville S,TN",Great Lakes,"Nashville,TN",TN
499642,11743,"Long Island East,NY",Northeast,"Long Island,NY",NY
6657514,48197,"Detroit,MI",Great Lakes,"Detroit,MI",MI
1808821,44718,"Cleveland E,OH",Great Lakes,"Cleveland,OH",OH
1376961,18104,"Scranton,PA",Northeast,"Philadelphia,PA",PA
1776232,65804,"Kansas City E,MO",Central,"Kansas City,MO",MO
1502892,48036,"Detroit,MI",Great Lakes,"Detroit,MI",MI
499767,23502,"Richmond,VA",Southeast,"Raleigh,NC",VA
5290755,49085,"Grand Rapids,MI",Great Lakes,"Detroit,MI",MI
207228,46011,"Indianapolis,IN",Central,"Chicago,IL",IN
177830,89113,"Las Vegas,NV",West,"Phoenix,AZ",NV
6711500,04240,"Portland,ME",Northeast,"Boston,MA",ME
495592,66217,"Kansas City W,MO",Central,"Kansas City,MO",KS
4564737,72202,"Little Rock,AR",Central,"Little Rock,AR",AR
497076,33162,"Miami,FL",Southeast,"Tampa,FL",FL
166775,28025,"Charlotte,NC",Southeast,"Charlotte,NC",NC
1357342,07753,"Cherry Hill,NJ",Southeast,"Baltimore,MD",NJ
499397,27103,"Raleigh W,NC",Southeast,"Raleigh,NC",NC
1447855,30033,"Atlanta S,GA",Southeast,"Atlanta,GA",GA
516621,63042,"St. Louis N,MO",Great Lakes,"St. Louis,MO",MO
4471338,23230,"Richmond,VA",Southeast,"Raleigh,NC",VA
508200,40503,"Lexington,KY",Great Lakes,"Cincinnati,OH",KY
903562,48823,"Ann Arbor,MI",Great Lakes,"Detroit,MI",MI
665321,48109,"Ann Arbor,MI",Great Lakes,"Detroit,MI",MI
5503576,98055,"Seattle,WA",West,"Seattle,WA",WA
496294,46250,"Indianapolis,IN",Central,"Chicago,IL",IN
2116964,64118,"Kansas City E,MO",Central,"Kansas City,MO",MO
685302564,20016,"Baltimore,MD",Southeast,"Baltimore,MD",DC
513757,03053,"Worcester,MA",Northeast,"Boston,MA",NH
5159464,97504,"Portland,OR",West,"Seattle,WA",OR
9511905,40207,"Louisville,KY",Great Lakes,"St. Louis,MO",NULL
3133905,48374,"Detroit,MI",Great Lakes,"Detroit,MI",MI
1393665,68118,"Omaha,NE",Central,"Chicago N,IL",NE
242391,06360,"New Haven,CT",Northeast,"Hartford,CT",CT
5171434,45219,"Cincinnati,OH",Great Lakes,"Cincinnati,OH",OH
499565,22554,"Fairfax,VA",Great Lakes,"Pittsburgh,PA",VA
499017,19087,"Philadelphia W,PA",Northeast,"Philadelphia,PA",PA
508202,40503,"Lexington,KY",Great Lakes,"Cincinnati,OH",KY
1797915,75028,"Dallas N,TX",Central,"Dallas,TX",TX
7120532,10019,"Manhattan S,NY",Northeast,"New York,NY",NY
36429,93065,"Santa Clarita,CA",West,"Los Angeles,CA",CA
2058711481,18840,"Scranton,PA",Northeast,"Philadelphia,PA",PA
1410134,46123,"Indianapolis,IN",Central,"Chicago,IL",IN
9248695,45069,"Cincinnati,OH",Great Lakes,"Cincinnati,OH",OH
605326,19104,"Philadelphia W,PA",Northeast,"Philadelphia,PA",PA
7176315,02114,"Boston,MA",Northeast,"Boston,MA",MA
500651,99204,"Spokane,WA",West,"Seattle,WA",WA
226165,01107,"Hartford,CT",Northeast,"Hartford,CT",MA
496753,08904,"Morristown,NJ",Northeast,"New York,NY",NJ
621769,60611,"Chicago N,IL",Central,"Chicago N,IL",IL
496414,06105,"Hartford,CT",Northeast,"Hartford,CT",CT
497984,21009,"Baltimore,MD",Southeast,"Baltimore,MD",MD
5215387,75235,"Dallas S,TX",Central,"Dallas,TX",TX
9158583,33612,"Sarasota,FL",Southeast,"Tampa,FL",FL
951224,42303,"Louisville,KY",Great Lakes,"St. Louis,MO",KY
235590,08831,"Morristown,NJ",Northeast,"New York,NY",NJ
3839399,73112,"Oklahoma City,OK",Central,"Kansas City,MO",OK
225801,34223,"Sarasota,FL",Southeast,"Tampa,FL",FL
502763,84121,"Salt Lake City,UT",West,"Denver,CO",UT
467649,28304,"Raleigh W,NC",Southeast,"Raleigh,NC",NC
222196,57078,"Omaha,NE",Central,"Chicago N,IL",SD
1373214,21921,"Baltimore,MD",Southeast,"Baltimore,MD",MD
7881417,11042,"Long Island West,NY",Northeast,"Long Island,NY",NULL
1395611,80220,"Denver N,CO",West,"Denver,CO",CO
2467411,92663,"Huntington Beach,CA",West,"Los Angeles,CA",CA
5576240,63017,"St. Louis N,MO",Great Lakes,"St. Louis,MO",MO
1832550,90048,"Los Angeles,CA",West,"Los Angeles,CA",CA
39999,10022,"Manhattan S,NY",Northeast,"New York,NY",NY
283124,28403,"Raleigh E,NC",Southeast,"Raleigh,NC",NC
7706949,68847,"Omaha,NE",Central,"Chicago N,IL",NE
5578093,18045,"Scranton,PA",Northeast,"Philadelphia,PA",PA
1416475,43205,"Columbus,OH",Great Lakes,"Cincinnati,OH",OH
1399461,01830,"Portland,ME",Northeast,"Boston,MA",MA
397115,17011,"State College,PA",Great Lakes,"Pittsburgh,PA",PA
241227,07410,"Newark,NJ",Northeast,"New York,NY",NJ
515625,10065,"Manhattan S,NY",Northeast,"New York,NY",NY
7388667,40223,"Louisville,KY",Great Lakes,"St. Louis,MO",KY
720304,84132,"Salt Lake City,UT",West,"Denver,CO",UT
307190,25901,"Charleston,WV",Great Lakes,"Cincinnati,OH",WV
316483,30501,"Atlanta N,GA",Southeast,"Atlanta,GA",GA
500358,94705,"San Francisco,CA",West,"Sacramento,CA",CA
235764,48642,"Ann Arbor,MI",Great Lakes,"Detroit,MI",MI
7974249,13210,"Rochester,NY",Northeast,"Albany,NY",NY
499215,NULL,NULL,NULL,NULL,NULL
2119929,98502,"Seattle,WA",West,"Seattle,WA",WA
6796360,07052,"Newark,NJ",Northeast,"New York,NY",NJ
5523284,60612,"Chicago N,IL",Central,"Chicago N,IL",IL
6336778,54301,"Green Bay,WI",Central,"Milwaukee,WI",WI
20414,20010,"Baltimore,MD",Southeast,"Baltimore,MD",DC
505167,47150,"Louisville,KY",Great Lakes,"St. Louis,MO",IN
353951,41017,"Lexington,KY",Great Lakes,"Cincinnati,OH",KY
497116,85259,"Phoenix,AZ",West,"Phoenix,AZ",AZ
6808929,30281,"Atlanta S,GA",Southeast,"Atlanta,GA",GA
803873,72703,"Little Rock,AR",Central,"Little Rock,AR",AR
1441418,77082,"Houston S,TX",West,"Houston,TX",TX
883830,55413,"Minneapolis,MN",Central,"Milwaukee,WI",MN
497363,45247,"Cincinnati,OH",Great Lakes,"Cincinnati,OH",OH
241837,11691,"Long Island West,NY",Northeast,"Long Island,NY",NY
679842,55805,"Minneapolis,MN",Central,"Milwaukee,WI",MN
892421533,85259,"Phoenix,AZ",West,"Phoenix,AZ",AZ
500081,02703,"Providence,RI",Northeast,"Hartford,CT",MA
5497468,54401,"Green Bay,WI",Central,"Milwaukee,WI",WI
499789,40218,"Louisville,KY",Great Lakes,"St. Louis,MO",KY
6374410,60616,"Chicago S,IL",Central,"Chicago,IL",IL
499016,37203,"Nashville N,TN",Great Lakes,"Nashville,TN",TN
803873,38138,"Memphis,TN",Central,"Little Rock,AR",TN
507856,50701,"Omaha,NE",Central,"Chicago N,IL",IA
1801948,46250,"Indianapolis,IN",Central,"Chicago,IL",IN
8111272,80045,"Denver N,CO",West,"Denver,CO",CO
6182961,02720,"Providence,RI",Northeast,"Hartford,CT",MA
499549,30342,"Atlanta S,GA",Southeast,"Atlanta,GA",GA
505055,23462,"Richmond,VA",Southeast,"Raleigh,NC",VA
496189,70808,"New Orleans,LA",Central,"New Orleans,LA",LA
502285,55127,"Minneapolis,MN",Central,"Milwaukee,WI",MN
6555320,40223,"Louisville,KY",Great Lakes,"St. Louis,MO",KY
2089756,08816,"Morristown,NJ",Northeast,"New York,NY",NJ
7599024,40217,"Louisville,KY",Great Lakes,"St. Louis,MO",KY
853482,02124,"Boston,MA",Northeast,"Boston,MA",MA
1811777,90024,"Santa Clarita,CA",West,"Los Angeles,CA",CA
892442994,NULL,NULL,NULL,NULL,NULL
1479068,20155,"Fairfax,VA",Great Lakes,"Pittsburgh,PA",VA
5215935,78757,"Austin,TX",Central,"Little Rock,AR",TX
505045,49301,"Grand Rapids,MI",Great Lakes,"Detroit,MI",NULL
4457751,11733,"Long Island East,NY",Northeast,"Long Island,NY",NY
5503432,15213,"Pittsburgh,PA",Great Lakes,"Pittsburgh,PA",PA
720171,91361,"Santa Clarita,CA",West,"Los Angeles,CA",CA
720134,06810,"New Haven,CT",Northeast,"Hartford,CT",CT
832894,45229,"Cincinnati,OH",Great Lakes,"Cincinnati,OH",OH
1424857,60005,"Chicago N,IL",Central,"Chicago N,IL",IL
500210,43616,"Dayton,OH",Great Lakes,"Cleveland,OH",OH
1452455,83702,"Salt Lake City,UT",West,"Denver,CO",ID
1479028,06492,"New Haven,CT",Northeast,"Hartford,CT",CT
546931,97225,"Portland,OR",West,"Seattle,WA",OR
6584375,44144,"Cleveland W,OH",Great Lakes,"Cleveland,OH",OH
475270,33029,"Miami,FL",Southeast,"Tampa,FL",FL
5070578,55123,"Minneapolis,MN",Central,"Milwaukee,WI",MN
1487070,46202,"Indianapolis,IN",Central,"Chicago,IL",IN
496157,68503,"Omaha,NE",Central,"Chicago N,IL",NE
500223,03878,"Portland,ME",Northeast,"Boston,MA",NH
353956,37203,"Nashville N,TN",Great Lakes,"Nashville,TN",TN
498163,04005,"Portland,ME",Northeast,"Boston,MA",ME
4272122,33607,"Tampa,FL",Southeast,"Tampa,FL",FL
735205,08701,"Cherry Hill,NJ",Southeast,"Baltimore,MD",NJ
1391699,95661,"Sacramento,CA",West,"Sacramento,CA",CA
1518212,77494,"Houston N,TX",West,"Houston,TX",TX
1540984,30040,"Atlanta N,GA",Southeast,"Atlanta,GA",GA
7881417,NULL,NULL,NULL,NULL,NULL
505045,49519,"Grand Rapids,MI",Great Lakes,"Detroit,MI",NULL
